{
    "top1": 18.105236766104763,
    "top2": 26.90996672051984,
    "top3": 34.367399223752926,
    "top4": 40.94645331437523,
    "top5": 45.429223707398855
}