{
    "top1": 15.684121911590163,
    "top2": 23.881926034149288,
    "top3": 31.30557486938464,
    "top4": 37.90118299021914,
    "top5": 42.76047359447222
}