{
    "top1": 7.8986487859809715,
    "top2": 14.234290765346708,
    "top3": 19.293074647115695,
    "top4": 24.700676121220393,
    "top5": 29.058953215544285
}